image_name,design_id
h_img_34590.jpg,design_001
img_399807.jpg,design_001
img_445986.jpg,design_001
img_744464.jpg,design_001
img_748887.jpg,design_001
h_img_93057.jpg,design_002
img_277936.jpg,design_002
img_289910.jpg,design_002
img_475101.jpg,design_002
img_578936.jpg,design_002
img_578081.jpg,design_003
img_746861.jpg,design_003
img_364907.jpg,design_004
img_828414.jpg,design_004
img_85121.jpg,design_004
img_892336.jpg,design_004
img_115196.jpg,design_005
img_153688.jpg,design_005
img_246391.jpg,design_005
img_442389.jpg,design_005
img_741740.jpg,design_005
img_540343.jpg,design_006
img_61951.jpg,design_006
img_642784.jpg,design_006
img_130255.jpg,design_007
img_325344.jpg,design_007
img_26850.jpg,design_008
img_341437.jpg,design_008
img_541390.jpg,design_008
h_img_149526.jpg,design_009
img_669675.jpg,design_009
img_260919.jpg,design_010
img_565213.jpg,design_010
img_955789.jpg,design_010
img_718326.jpg,design_011
img_917853.jpg,design_011
