image_name,design_id,split
h_img_149526.jpg,design_009,test
h_img_31665.jpg,design_016,train
h_img_34590.jpg,design_001,test
h_img_76108.jpg,design_014,train
h_img_93057.jpg,design_002,train
img_106019.jpg,design_018,test
img_115196.jpg,design_005,train
img_130255.jpg,design_007,train
img_142355.jpg,design_016,train
img_153688.jpg,design_005,train
img_187840.jpg,design_013,train
img_246391.jpg,design_005,train
img_260919.jpg,design_010,train
img_26850.jpg,design_008,train
img_270633.jpg,design_014,train
img_277936.jpg,design_002,train
img_289910.jpg,design_002,train
img_325344.jpg,design_007,train
img_339968.jpg,design_017,train
img_341437.jpg,design_008,train
img_364907.jpg,design_004,test
img_369469.jpg,design_006,train
img_399807.jpg,design_001,test
img_40145.jpg,design_012,train
img_429922.jpg,design_010,train
img_442389.jpg,design_005,train
img_445986.jpg,design_001,test
img_475101.jpg,design_002,train
img_519993.jpg,design_018,test
img_540343.jpg,design_006,train
img_541390.jpg,design_008,train
img_556574.jpg,design_012,train
img_565213.jpg,design_010,train
img_578081.jpg,design_003,val
img_578936.jpg,design_002,train
img_61951.jpg,design_006,train
img_638094.jpg,design_004,test
img_642784.jpg,design_006,train
img_669675.jpg,design_009,test
img_677180.jpg,design_013,train
img_688109.jpg,design_015,val
img_710186.jpg,design_013,train
img_718326.jpg,design_011,train
img_741740.jpg,design_005,train
img_744464.jpg,design_001,test
img_746861.jpg,design_003,val
img_748887.jpg,design_001,test
img_764354.jpg,design_017,train
img_828414.jpg,design_004,test
img_834923.jpg,design_008,train
img_85121.jpg,design_004,test
img_881252.jpg,design_014,train
img_892336.jpg,design_004,test
img_917853.jpg,design_011,train
img_927463.jpg,design_010,train
img_955789.jpg,design_010,train
img_966256.jpg,design_015,val
img_978752.jpg,design_017,train
img_981759.jpg,design_007,train
