image_1,image_2,similarity
h_img_34590.jpg,img_445986.jpg,0.9700366854667664
img_277936.jpg,img_289910.jpg,0.9680712223052979
img_578081.jpg,img_746861.jpg,0.9614772796630859
img_85121.jpg,img_892336.jpg,0.9612308740615845
img_399807.jpg,img_445986.jpg,0.9599950909614563
img_246391.jpg,img_442389.jpg,0.9595359563827515
img_540343.jpg,img_61951.jpg,0.9593472480773926
img_115196.jpg,img_442389.jpg,0.9589488506317139
img_540343.jpg,img_642784.jpg,0.9589207172393799
h_img_34590.jpg,img_748887.jpg,0.9585685133934021
img_445986.jpg,img_748887.jpg,0.9564251899719238
img_130255.jpg,img_325344.jpg,0.9544451832771301
img_399807.jpg,img_748887.jpg,0.9535718560218811
img_364907.jpg,img_892336.jpg,0.9530420899391174
img_153688.jpg,img_442389.jpg,0.9517019391059875
h_img_34590.jpg,img_399807.jpg,0.9513498544692993
img_26850.jpg,img_541390.jpg,0.9502400159835815
h_img_149526.jpg,img_669675.jpg,0.9498460292816162
h_img_93057.jpg,img_475101.jpg,0.9495282173156738
img_744464.jpg,img_748887.jpg,0.949048638343811
h_img_93057.jpg,img_578936.jpg,0.9485979676246643
img_565213.jpg,img_955789.jpg,0.9483402967453003
img_364907.jpg,img_828414.jpg,0.947852373123169
img_277936.jpg,img_475101.jpg,0.9468259215354919
img_115196.jpg,img_153688.jpg,0.9468015432357788
img_260919.jpg,img_565213.jpg,0.9455965757369995
img_718326.jpg,img_917853.jpg,0.9453550577163696
img_115196.jpg,img_741740.jpg,0.9446396827697754
img_341437.jpg,img_541390.jpg,0.944054365158081
img_364907.jpg,img_85121.jpg,0.9438438415527344
img_828414.jpg,img_85121.jpg,0.94376540184021
img_289910.jpg,img_475101.jpg,0.9432640075683594
img_369469.jpg,img_61951.jpg,0.9429318904876709
img_325344.jpg,img_981759.jpg,0.9427673816680908
img_828414.jpg,img_892336.jpg,0.9419119358062744
img_638094.jpg,img_892336.jpg,0.9417718648910522
img_115196.jpg,img_246391.jpg,0.9415910243988037
img_260919.jpg,img_927463.jpg,0.941237211227417
img_153688.jpg,img_246391.jpg,0.940845251083374
img_260919.jpg,img_429922.jpg,0.9408392906188965
img_369469.jpg,img_642784.jpg,0.9407416582107544
img_40145.jpg,img_556574.jpg,0.9403316378593445
img_677180.jpg,img_710186.jpg,0.9400216341018677
img_270633.jpg,img_881252.jpg,0.9398283362388611
h_img_34590.jpg,img_744464.jpg,0.9394972324371338
img_688109.jpg,img_966256.jpg,0.9389359354972839
img_429922.jpg,img_565213.jpg,0.9388747215270996
img_187840.jpg,img_710186.jpg,0.9381648302078247
img_130255.jpg,img_981759.jpg,0.9375351667404175
h_img_31665.jpg,img_142355.jpg,0.9372628331184387
img_339968.jpg,img_764354.jpg,0.9368314743041992
img_369469.jpg,img_540343.jpg,0.9360537528991699
img_927463.jpg,img_955789.jpg,0.9357481002807617
img_399807.jpg,img_744464.jpg,0.935417652130127
img_26850.jpg,img_341437.jpg,0.9346724152565002
img_764354.jpg,img_978752.jpg,0.934539794921875
img_26850.jpg,img_834923.jpg,0.9331164360046387
img_106019.jpg,img_519993.jpg,0.930894136428833
img_341437.jpg,img_834923.jpg,0.9307429790496826
h_img_76108.jpg,img_270633.jpg,0.9306293725967407
img_445986.jpg,img_744464.jpg,0.9295780658721924
img_565213.jpg,img_927463.jpg,0.9292600154876709
img_54863.jpg,img_578081.jpg,0.9289878606796265
img_48825.jpg,img_678178.jpg,0.9282042384147644
img_541390.jpg,img_834923.jpg,0.9281919598579407
img_153688.jpg,img_741740.jpg,0.9280664920806885
img_667809.jpg,img_881252.jpg,0.9279849529266357
img_429922.jpg,img_927463.jpg,0.927480161190033
img_417511.jpg,img_65263.jpg,0.9267407655715942
img_26850.jpg,img_635895.jpg,0.9263193607330322
img_614731.jpg,img_68235.jpg,0.9259283542633057
img_411083.jpg,img_568910.jpg,0.9253624081611633
img_130255.jpg,img_478598.jpg,0.9253318905830383
img_874118.jpg,img_917853.jpg,0.9252129793167114
img_175884.jpg,img_961476.jpg,0.9249920845031738
img_694883.jpg,img_90832.jpg,0.9242459535598755
img_804542.jpg,img_895368.jpg,0.9239903688430786
img_187840.jpg,img_677180.jpg,0.9236897230148315
h_img_132981.jpg,img_354459.jpg,0.92349773645401
img_475101.jpg,img_578936.jpg,0.9234931468963623
img_417511.jpg,img_82256.jpg,0.9231700301170349
img_586052.jpg,img_602896.jpg,0.9227910041809082
img_718326.jpg,img_874118.jpg,0.9225984811782837
img_411083.jpg,img_738703.jpg,0.922455906867981
h_img_132981.jpg,img_960789.jpg,0.9223666191101074
img_961476.jpg,img_978752.jpg,0.9223537445068359
img_110820.jpg,img_385960.jpg,0.9221646785736084
h_img_593526.jpg,img_381577.jpg,0.9219716787338257
h_img_76108.jpg,img_667809.jpg,0.921765148639679
img_54863.jpg,img_746861.jpg,0.9211931228637695
img_568910.jpg,img_738703.jpg,0.9211354851722717
img_257108.jpg,img_261444.jpg,0.9210875034332275
img_65263.jpg,img_678193.jpg,0.920817494392395
img_337700.jpg,img_369469.jpg,0.9198682308197021
h_img_76108.jpg,img_881252.jpg,0.9198316335678101
img_339968.jpg,img_961476.jpg,0.9182579517364502
img_261444.jpg,img_845893.jpg,0.9178597927093506
img_881252.jpg,img_915919.jpg,0.9175917506217957
img_635895.jpg,img_834923.jpg,0.9174582958221436
h_img_35259.jpg,img_694883.jpg,0.9174183011054993
img_417511.jpg,img_678193.jpg,0.9170384407043457
img_175884.jpg,img_978752.jpg,0.9170135855674744
img_259893.jpg,img_801823.jpg,0.916248083114624
img_246854.jpg,img_804542.jpg,0.9159666299819946
img_307484.jpg,img_981759.jpg,0.9157979488372803
img_61951.jpg,img_642784.jpg,0.9155848622322083
img_259893.jpg,img_529952.jpg,0.9152629375457764
img_325344.jpg,img_478598.jpg,0.9149818420410156
img_478598.jpg,img_981759.jpg,0.9148625135421753
img_987571.jpg,img_987632.jpg,0.9147193431854248
img_341437.jpg,img_635895.jpg,0.9146372079849243
img_442389.jpg,img_741740.jpg,0.9136629700660706
img_385960.jpg,img_874118.jpg,0.9131523966789246
h_img_35259.jpg,img_90832.jpg,0.9130063056945801
img_270633.jpg,img_915919.jpg,0.9126052856445312
img_529952.jpg,img_770334.jpg,0.9123650789260864
img_239226.jpg,img_927947.jpg,0.912203311920166
img_270633.jpg,img_667809.jpg,0.9112319350242615
img_275183.jpg,img_40145.jpg,0.9110482931137085
img_429922.jpg,img_955789.jpg,0.9103572368621826
img_339968.jpg,img_978752.jpg,0.9100162386894226
img_884336.jpg,img_960789.jpg,0.9096466302871704
img_337700.jpg,img_540343.jpg,0.9096199870109558
img_246391.jpg,img_741740.jpg,0.9094234704971313
img_667809.jpg,img_915919.jpg,0.9086698293685913
img_246854.jpg,img_895368.jpg,0.9080462455749512
img_307484.jpg,img_478598.jpg,0.9072641134262085
img_337700.jpg,img_642784.jpg,0.9060773849487305
img_232079.jpg,img_635738.jpg,0.9060750007629395
img_638094.jpg,img_85121.jpg,0.906021773815155
img_221213.jpg,img_364174.jpg,0.9059627056121826
img_106019.jpg,img_602896.jpg,0.9055242538452148
img_718326.jpg,img_804542.jpg,0.9053269624710083
h_img_593526.jpg,img_261444.jpg,0.904929518699646
img_10959.jpg,img_7150.jpg,0.9045380353927612
img_804542.jpg,img_874118.jpg,0.9043005704879761
img_764354.jpg,img_961476.jpg,0.9042564034461975
img_314642.jpg,img_649782.jpg,0.904049277305603
img_32852.jpg,img_804542.jpg,0.9036665558815002
img_260919.jpg,img_955789.jpg,0.9024171829223633
img_2469.jpg,img_895368.jpg,0.9021648168563843
img_232079.jpg,img_346343.jpg,0.9013333320617676
h_img_35259.jpg,img_789127.jpg,0.9010370373725891
img_635738.jpg,img_68235.jpg,0.9007815718650818
img_180214.jpg,img_776505.jpg,0.8999160528182983
img_142355.jpg,img_48825.jpg,0.899608850479126
h_img_93057.jpg,img_277936.jpg,0.8988527655601501
img_337700.jpg,img_61951.jpg,0.8985517024993896
img_354459.jpg,img_884336.jpg,0.8981773257255554
img_386972.jpg,img_602896.jpg,0.8981432914733887
img_578081.jpg,img_688109.jpg,0.8974615335464478
img_180214.jpg,img_726717.jpg,0.897437572479248
img_364907.jpg,img_638094.jpg,0.8969118595123291
img_110820.jpg,img_32852.jpg,0.8966363668441772
h_img_35259.jpg,img_489839.jpg,0.8965209722518921
img_385960.jpg,img_718326.jpg,0.8964893221855164
img_65263.jpg,img_884336.jpg,0.8963766098022461
img_275183.jpg,img_556574.jpg,0.8956121206283569
img_172154.jpg,img_710186.jpg,0.8944388628005981
img_187840.jpg,img_590289.jpg,0.8944270610809326
img_519993.jpg,img_586052.jpg,0.8937811255455017
img_678193.jpg,img_82256.jpg,0.8934906125068665
img_386972.jpg,img_519993.jpg,0.893439769744873
img_385960.jpg,img_804542.jpg,0.8931928277015686
img_110820.jpg,img_718326.jpg,0.8928197622299194
img_316470.jpg,img_366604.jpg,0.8924357891082764
img_346343.jpg,img_635738.jpg,0.8924137353897095
img_519993.jpg,img_602896.jpg,0.8923312425613403
img_37489.jpg,img_524137.jpg,0.8917583227157593
img_130255.jpg,img_307484.jpg,0.8917555212974548
h_img_76108.jpg,img_915919.jpg,0.8913387060165405
img_120749.jpg,img_142355.jpg,0.8911125659942627
img_413996.jpg,img_648754.jpg,0.8908530473709106
img_638094.jpg,img_828414.jpg,0.8908039927482605
img_346343.jpg,img_68235.jpg,0.8907596468925476
img_307484.jpg,img_325344.jpg,0.8905994892120361
img_180214.jpg,img_822729.jpg,0.8904906511306763
img_37489.jpg,img_987632.jpg,0.8903093338012695
img_636938.jpg,img_982056.jpg,0.8902499079704285
img_524137.jpg,img_987571.jpg,0.8900921940803528
img_32852.jpg,img_917853.jpg,0.8895183205604553
img_259893.jpg,img_643949.jpg,0.8893965482711792
img_776505.jpg,img_822729.jpg,0.8893260955810547
img_586537.jpg,img_649782.jpg,0.8889241218566895
img_106019.jpg,img_586052.jpg,0.8888298273086548
img_364174.jpg,img_67123.jpg,0.8886523246765137
img_32852.jpg,img_385960.jpg,0.8883615136146545
h_img_93057.jpg,img_289910.jpg,0.8882320523262024
img_489839.jpg,img_694883.jpg,0.8881005048751831
img_246854.jpg,img_718326.jpg,0.887974202632904
img_110820.jpg,img_804542.jpg,0.8879312872886658
img_541390.jpg,img_635895.jpg,0.8879267573356628
img_417511.jpg,img_884336.jpg,0.8875610828399658
img_172154.jpg,img_187840.jpg,0.8870842456817627
img_32852.jpg,img_874118.jpg,0.8870694637298584
img_678193.jpg,img_884336.jpg,0.8853053450584412
img_55880.jpg,img_583723.jpg,0.8850415945053101
img_110820.jpg,img_874118.jpg,0.8845956325531006
img_578081.jpg,img_966256.jpg,0.8842430114746094
h_img_31665.jpg,img_120749.jpg,0.8832187652587891
img_688109.jpg,img_746861.jpg,0.8828641176223755
img_417511.jpg,img_960789.jpg,0.8814789056777954
img_314642.jpg,img_586537.jpg,0.8814709782600403
img_120749.jpg,img_48825.jpg,0.8808726668357849
img_115196.jpg,img_130255.jpg,0.8807909488677979
img_261444.jpg,img_381577.jpg,0.8802592754364014
img_246854.jpg,img_917853.jpg,0.8785039186477661
img_413996.jpg,img_635336.jpg,0.878225564956665
img_246854.jpg,img_874118.jpg,0.8781460523605347
h_img_593526.jpg,img_257108.jpg,0.8775491714477539
img_489839.jpg,img_90832.jpg,0.877448558807373
img_284975.jpg,img_987571.jpg,0.8765686750411987
h_img_132981.jpg,img_884336.jpg,0.8762069344520569
img_284975.jpg,img_987632.jpg,0.8758971691131592
img_277936.jpg,img_578936.jpg,0.8754842877388
h_img_132981.jpg,img_447852.jpg,0.8751018047332764
img_346343.jpg,img_614731.jpg,0.8746100664138794
img_667809.jpg,img_804542.jpg,0.8744634389877319
img_239226.jpg,img_67123.jpg,0.873942494392395
img_65263.jpg,img_82256.jpg,0.8734132051467896
img_221213.jpg,img_67123.jpg,0.873354434967041
img_489839.jpg,img_789127.jpg,0.8732700943946838
img_386972.jpg,img_586052.jpg,0.8728479146957397
img_259893.jpg,img_770334.jpg,0.871868908405304
img_354459.jpg,img_960789.jpg,0.8717207312583923
img_694883.jpg,img_789127.jpg,0.8715097308158875
img_746861.jpg,img_966256.jpg,0.8705000281333923
img_895368.jpg,img_917853.jpg,0.8694595098495483
img_54863.jpg,img_688109.jpg,0.8687239289283752
img_678193.jpg,img_960789.jpg,0.8686976432800293
h_img_31665.jpg,img_48825.jpg,0.8686954975128174
img_316470.jpg,img_94825.jpg,0.8685169219970703
img_270633.jpg,img_804542.jpg,0.868482232093811
img_175884.jpg,img_339968.jpg,0.8682764768600464
img_289910.jpg,img_578936.jpg,0.8682758212089539
img_2469.jpg,img_804542.jpg,0.8680775165557861
img_172154.jpg,img_590289.jpg,0.867495059967041
img_5447.jpg,img_86754.jpg,0.8674570322036743
img_54863.jpg,img_966256.jpg,0.8672279119491577
img_2469.jpg,img_32852.jpg,0.866908848285675
img_366604.jpg,img_94825.jpg,0.8667789101600647
img_590289.jpg,img_710186.jpg,0.8652669191360474
img_5447.jpg,img_897203.jpg,0.8644630908966064
img_175884.jpg,img_764354.jpg,0.8642779588699341
img_239226.jpg,img_364174.jpg,0.8639253377914429
img_67123.jpg,img_927947.jpg,0.863675594329834
img_357974.jpg,img_94825.jpg,0.8636209964752197
img_590289.jpg,img_677180.jpg,0.8634015321731567
img_478598.jpg,img_741740.jpg,0.8633193969726562
img_403289.jpg,img_458235.jpg,0.8626220226287842
img_10959.jpg,img_275183.jpg,0.8612110018730164
img_614731.jpg,img_635738.jpg,0.8609960079193115
img_475851.jpg,img_776505.jpg,0.8601096868515015
img_726717.jpg,img_822729.jpg,0.8594685792922974
img_65263.jpg,img_960789.jpg,0.8592897653579712
img_529952.jpg,img_801823.jpg,0.858698844909668
img_232079.jpg,img_68235.jpg,0.8585370182991028
img_393000.jpg,img_982056.jpg,0.8576531410217285
img_381577.jpg,img_845893.jpg,0.8569101691246033
img_106019.jpg,img_386972.jpg,0.8566613793373108
img_524137.jpg,img_602896.jpg,0.8564411401748657
img_48234.jpg,img_5447.jpg,0.8561114072799683
img_746861.jpg,img_776505.jpg,0.8557264804840088
h_img_76108.jpg,img_804542.jpg,0.8551113605499268
img_172154.jpg,img_677180.jpg,0.8537108302116394
img_354459.jpg,img_447852.jpg,0.8536545038223267
img_386972.jpg,img_524137.jpg,0.8532591462135315
img_175884.jpg,img_307484.jpg,0.8527690172195435
img_37489.jpg,img_987571.jpg,0.852401614189148
img_789127.jpg,img_90832.jpg,0.8517965078353882
img_180214.jpg,img_586537.jpg,0.8514267206192017
img_586537.jpg,img_726717.jpg,0.8500434160232544
img_458235.jpg,img_632748.jpg,0.8499614000320435
img_591020.jpg,img_648754.jpg,0.8489382266998291
img_738703.jpg,img_915919.jpg,0.8488947749137878
img_632748.jpg,img_808059.jpg,0.8485037088394165
img_257108.jpg,img_845893.jpg,0.8484815359115601
img_411083.jpg,img_915919.jpg,0.8483493328094482
img_458235.jpg,img_808059.jpg,0.8483315110206604
h_img_593526.jpg,img_845893.jpg,0.8479254841804504
img_57969.jpg,img_982056.jpg,0.847841739654541
img_393000.jpg,img_636938.jpg,0.8477646112442017
img_153688.jpg,img_257108.jpg,0.8475626707077026
h_img_34590.jpg,img_115196.jpg,0.8466887474060059
img_221213.jpg,img_239226.jpg,0.8466057777404785
img_142355.jpg,img_678178.jpg,0.8465416431427002
img_524137.jpg,img_987632.jpg,0.845811665058136
img_447852.jpg,img_960789.jpg,0.8443230390548706
img_82256.jpg,img_960789.jpg,0.8433823585510254
img_643949.jpg,img_801823.jpg,0.8433420658111572
img_354459.jpg,img_678193.jpg,0.8433412313461304
img_770334.jpg,img_801823.jpg,0.8430386781692505
img_357974.jpg,img_591020.jpg,0.8419867753982544
img_82256.jpg,img_884336.jpg,0.8418242335319519
img_260919.jpg,img_524137.jpg,0.8416117429733276
img_239226.jpg,img_987571.jpg,0.8415974378585815
img_261444.jpg,img_776505.jpg,0.8404853940010071
img_450212.jpg,img_477984.jpg,0.8391175270080566
img_257108.jpg,img_776505.jpg,0.8389415144920349
h_img_31665.jpg,img_678178.jpg,0.8387560844421387
img_275183.jpg,img_7150.jpg,0.8382004499435425
img_403289.jpg,img_808059.jpg,0.8381891250610352
img_346343.jpg,img_764354.jpg,0.8381118178367615
img_180214.jpg,img_966256.jpg,0.8375069499015808
img_955789.jpg,img_987632.jpg,0.8368715047836304
h_img_132981.jpg,img_82256.jpg,0.8362771272659302
img_568910.jpg,img_915919.jpg,0.836275041103363
img_48234.jpg,img_86754.jpg,0.8361990451812744
img_221213.jpg,img_987571.jpg,0.8354660272598267
img_586537.jpg,img_776505.jpg,0.8353754281997681
img_578081.jpg,img_649782.jpg,0.8349332809448242
h_img_44440.jpg,img_417511.jpg,0.8348357677459717
img_477984.jpg,img_648754.jpg,0.8342901468276978
img_357974.jpg,img_366604.jpg,0.8336451053619385
img_172154.jpg,img_519993.jpg,0.8326812982559204
img_364174.jpg,img_987571.jpg,0.8325899839401245
img_393000.jpg,img_57969.jpg,0.8321248292922974
img_57969.jpg,img_889324.jpg,0.8320642113685608
img_2469.jpg,img_917853.jpg,0.8320345878601074
img_399807.jpg,img_741740.jpg,0.8314394354820251
img_744464.jpg,img_764354.jpg,0.8312738537788391
img_649782.jpg,img_746861.jpg,0.8311069011688232
img_221213.jpg,img_524137.jpg,0.8304588794708252
img_475851.jpg,img_822729.jpg,0.8298431634902954
img_120749.jpg,img_678178.jpg,0.8283498883247375
h_img_593526.jpg,img_776505.jpg,0.8281193971633911
img_429922.jpg,img_524137.jpg,0.8281059265136719
img_447852.jpg,img_614731.jpg,0.8275679349899292
img_649782.jpg,img_776505.jpg,0.8274604082107544
img_393000.jpg,img_889324.jpg,0.8274575471878052
img_68235.jpg,img_961476.jpg,0.8269555568695068
img_591020.jpg,img_897203.jpg,0.8259369134902954
img_357974.jpg,img_477984.jpg,0.8257285356521606
img_57969.jpg,img_636938.jpg,0.8254557847976685
img_578936.jpg,img_614731.jpg,0.8246716260910034
img_748887.jpg,img_764354.jpg,0.8246161937713623
img_106019.jpg,img_172154.jpg,0.8244458436965942
img_40145.jpg,img_804542.jpg,0.8237695693969727
img_40145.jpg,img_667809.jpg,0.8236591815948486
img_635336.jpg,img_648754.jpg,0.8233107328414917
h_img_35259.jpg,img_776505.jpg,0.8229124546051025
img_433250.jpg,img_632748.jpg,0.8221830725669861
img_316470.jpg,img_357974.jpg,0.8214784264564514
img_120749.jpg,img_175884.jpg,0.8200289011001587
img_37489.jpg,img_602896.jpg,0.8197898864746094
img_381577.jpg,img_776505.jpg,0.8188045024871826
img_364174.jpg,img_927947.jpg,0.817977786064148
img_726717.jpg,img_776505.jpg,0.8174253106117249
img_54863.jpg,img_649782.jpg,0.8165376782417297
img_314642.jpg,img_726717.jpg,0.815508246421814
img_314642.jpg,img_966256.jpg,0.8154088258743286
img_284975.jpg,img_37489.jpg,0.8152742385864258
img_556574.jpg,img_667809.jpg,0.8136837482452393
img_927463.jpg,img_987571.jpg,0.8131628036499023
img_583723.jpg,img_776505.jpg,0.812272310256958
img_669675.jpg,img_738703.jpg,0.8116127252578735
h_img_44440.jpg,img_678193.jpg,0.8107109069824219
img_339968.jpg,img_68235.jpg,0.8090890645980835
img_411083.jpg,img_524137.jpg,0.8085616230964661
img_403289.jpg,img_632748.jpg,0.8082989454269409
img_10959.jpg,img_40145.jpg,0.8081891536712646
img_275183.jpg,img_314642.jpg,0.8075449466705322
img_67123.jpg,img_987571.jpg,0.8074232339859009
h_img_44440.jpg,img_82256.jpg,0.806455671787262
img_232079.jpg,img_614731.jpg,0.8040379881858826
h_img_149526.jpg,img_738703.jpg,0.8039793372154236
img_10959.jpg,img_556574.jpg,0.802676796913147
img_475851.jpg,img_915919.jpg,0.8023177981376648
img_477984.jpg,img_519993.jpg,0.8016030788421631
img_526657.jpg,img_648754.jpg,0.8010733127593994
img_834923.jpg,img_978752.jpg,0.8009061813354492
img_526657.jpg,img_897203.jpg,0.8007728457450867
h_img_93057.jpg,img_447852.jpg,0.8006976842880249
img_284975.jpg,img_413996.jpg,0.8005080819129944
img_897203.jpg,img_982056.jpg,0.8004432320594788
img_477984.jpg,img_591020.jpg,0.8004034757614136
img_86754.jpg,img_897203.jpg,0.7992832660675049
img_450212.jpg,img_591020.jpg,0.7963175177574158
img_232079.jpg,img_987632.jpg,0.7954890131950378
img_57969.jpg,img_987571.jpg,0.7950401306152344
img_48234.jpg,img_526657.jpg,0.7945758104324341
img_450212.jpg,img_897203.jpg,0.7943313717842102
img_489839.jpg,img_776505.jpg,0.793615996837616
img_450212.jpg,img_648754.jpg,0.7933980226516724
img_26850.jpg,img_955789.jpg,0.7921155691146851
img_458235.jpg,img_889324.jpg,0.7917962670326233
img_450212.jpg,img_982056.jpg,0.7914913296699524
img_801823.jpg,img_94825.jpg,0.7903366088867188
h_img_44440.jpg,img_65263.jpg,0.7896392941474915
img_583723.jpg,img_915919.jpg,0.7883274555206299
h_img_149526.jpg,img_556574.jpg,0.7848531603813171
img_48234.jpg,img_897203.jpg,0.7846827507019043
img_413996.jpg,img_987632.jpg,0.7829360961914062
img_403289.jpg,img_526657.jpg,0.7798721790313721
img_55880.jpg,img_649782.jpg,0.7794219255447388
img_366604.jpg,img_591020.jpg,0.7788586616516113
img_529952.jpg,img_94825.jpg,0.777825653553009
img_5447.jpg,img_648754.jpg,0.7749805450439453
img_458235.jpg,img_526657.jpg,0.7729705572128296
img_403289.jpg,img_433250.jpg,0.7726645469665527
img_433250.jpg,img_458235.jpg,0.7723454236984253
img_669675.jpg,img_915919.jpg,0.7699459791183472
img_413996.jpg,img_526657.jpg,0.7682512998580933
img_61951.jpg,img_978752.jpg,0.7671732902526855
img_366604.jpg,img_477984.jpg,0.7624613046646118
h_img_149526.jpg,img_915919.jpg,0.76155686378479
img_142355.jpg,img_307484.jpg,0.7613904476165771
img_86754.jpg,img_982056.jpg,0.761322021484375
h_img_149526.jpg,img_489839.jpg,0.7608115077018738
img_55880.jpg,img_776505.jpg,0.7606496810913086
h_img_31665.jpg,img_175884.jpg,0.7570605278015137
img_770334.jpg,img_94825.jpg,0.7556041479110718
img_433250.jpg,img_591020.jpg,0.7472041845321655
img_277936.jpg,img_337700.jpg,0.7470484972000122
img_316470.jpg,img_477984.jpg,0.7463018894195557
img_433250.jpg,img_897203.jpg,0.7460198402404785
img_289910.jpg,img_337700.jpg,0.7412146329879761
img_259893.jpg,img_94825.jpg,0.7379459142684937
img_48825.jpg,img_927947.jpg,0.7367214560508728
h_img_44440.jpg,img_289910.jpg,0.7333839535713196
img_316470.jpg,img_450212.jpg,0.723064661026001
img_10959.jpg,img_314642.jpg,0.7213646769523621
img_678178.jpg,img_927947.jpg,0.7022035121917725
img_643949.jpg,img_770334.jpg,0.6886579990386963
img_643949.jpg,img_67123.jpg,0.6086724996566772
