image_1,image_2,similarity,same_design
h_img_34590.jpg,img_445986.jpg,0.9700,
img_277936.jpg,img_289910.jpg,0.9681,
img_578081.jpg,img_746861.jpg,0.9615,
img_85121.jpg,img_892336.jpg,0.9612,
img_399807.jpg,img_445986.jpg,0.9600,
img_246391.jpg,img_442389.jpg,0.9595,
img_540343.jpg,img_61951.jpg,0.9593,
img_115196.jpg,img_442389.jpg,0.9589,
img_540343.jpg,img_642784.jpg,0.9589,
h_img_34590.jpg,img_748887.jpg,0.9586,
img_445986.jpg,img_748887.jpg,0.9564,
img_130255.jpg,img_325344.jpg,0.9544,
img_399807.jpg,img_748887.jpg,0.9536,
img_364907.jpg,img_892336.jpg,0.9530,
img_153688.jpg,img_442389.jpg,0.9517,
h_img_34590.jpg,img_399807.jpg,0.9513,
img_26850.jpg,img_541390.jpg,0.9502,
h_img_149526.jpg,img_669675.jpg,0.9498,
h_img_93057.jpg,img_475101.jpg,0.9495,
h_img_93057.jpg,img_578936.jpg,0.9486,
img_565213.jpg,img_955789.jpg,0.9483,
img_364907.jpg,img_828414.jpg,0.9479,
img_277936.jpg,img_475101.jpg,0.9468,
img_115196.jpg,img_153688.jpg,0.9468,
img_260919.jpg,img_565213.jpg,0.9456,
img_718326.jpg,img_917853.jpg,0.9454,
img_115196.jpg,img_741740.jpg,0.9446,
img_341437.jpg,img_541390.jpg,0.9441,
img_364907.jpg,img_85121.jpg,0.9438,